{"cameraMode":{"drawMode":0,"name":"Shaded","section":"Shading Mode"},"sceneLighting":false,"audioPlay":false,"sceneViewState":{"showFog":true,"showMaterialUpdate":false,"showSkybox":false,"showFlares":true,"showImageEffects":true,"showParticleSystems":true},"in2DMode":false,"pivot":{"x":3.7799999713897707,"y":0.44999998807907107,"z":-11.199999809265137},"rotation":{"x":-0.16195829212665559,"y":0.6943183541297913,"z":-0.1651536077260971,"w":-0.6816014051437378},"size":1.1444412469863892,"orthographic":true}