{"cameraMode":{"drawMode":0,"name":"Shaded","section":"Shading Mode"},"sceneLighting":false,"audioPlay":false,"sceneViewState":{"showFog":true,"showMaterialUpdate":false,"showSkybox":false,"showFlares":true,"showImageEffects":true,"showParticleSystems":true},"in2DMode":false,"pivot":{"x":3.1268277168273927,"y":4.655375957489014,"z":-7.559510231018066},"rotation":{"x":-0.020309705287218095,"y":-0.979323148727417,"z":0.15943659842014314,"w":-0.1237226277589798},"size":1.3344424962997437,"orthographic":true}