{"cameraMode":{"drawMode":0,"name":"Shaded","section":"Shading Mode"},"sceneLighting":false,"audioPlay":false,"sceneViewState":{"showFog":true,"showMaterialUpdate":false,"showSkybox":false,"showFlares":true,"showImageEffects":true,"showParticleSystems":true},"in2DMode":false,"pivot":{"x":3.1071794033050539,"y":4.551507949829102,"z":-7.730345249176025},"rotation":{"x":-0.049701426178216937,"y":-0.9335619807243347,"z":0.14189894497394563,"w":-0.3256892263889313},"size":2.178340196609497,"orthographic":true}