{"cameraMode":{"drawMode":0,"name":"Shaded","section":"Shading Mode"},"sceneLighting":false,"audioPlay":false,"sceneViewState":{"showFog":true,"showMaterialUpdate":false,"showSkybox":false,"showFlares":true,"showImageEffects":true,"showParticleSystems":true},"in2DMode":false,"pivot":{"x":2.8095364570617677,"y":4.488287925720215,"z":-7.963671684265137},"rotation":{"x":-0.13750039041042329,"y":-0.8188833594322205,"z":0.21943017840385438,"w":-0.5124355554580689},"size":3.243553400039673,"orthographic":true}