{"cameraMode":{"drawMode":0,"name":"Shaded","section":"Shading Mode"},"sceneLighting":true,"audioPlay":false,"sceneViewState":{"showFog":true,"showMaterialUpdate":false,"showSkybox":true,"showFlares":true,"showImageEffects":true,"showParticleSystems":true},"in2DMode":false,"pivot":{"x":0.3967381417751312,"y":4.154426097869873,"z":3.9733245372772219},"rotation":{"x":0.14671696722507478,"y":-0.48810651898384097,"z":0.08390746265649796,"w":0.8564220666885376},"size":16.727876663208009,"orthographic":true}