{"cameraMode":{"drawMode":0,"name":"Shaded","section":"Shading Mode"},"sceneLighting":false,"audioPlay":false,"sceneViewState":{"showFog":true,"showMaterialUpdate":false,"showSkybox":false,"showFlares":true,"showImageEffects":true,"showParticleSystems":true},"in2DMode":false,"pivot":{"x":-9.18349552154541,"y":-6.634153366088867,"z":3.1587116718292238},"rotation":{"x":-0.07807794213294983,"y":-0.06997212767601013,"z":0.0050840191543102268,"w":-0.9946638345718384},"size":16.727636337280275,"orthographic":true}