{"cameraMode":{"drawMode":0,"name":"Shaded","section":"Shading Mode"},"sceneLighting":false,"audioPlay":false,"sceneViewState":{"showFog":true,"showMaterialUpdate":false,"showSkybox":false,"showFlares":true,"showImageEffects":true,"showParticleSystems":true},"in2DMode":false,"pivot":{"x":0.20583957433700562,"y":-0.3663589656352997,"z":-0.13297119736671449},"rotation":{"x":-0.1315075159072876,"y":0.8086983561515808,"z":-0.19841866195201875,"w":-0.538228452205658},"size":1.2490010261535645,"orthographic":true}