{"cameraMode":{"drawMode":0,"name":"Shaded","section":"Shading Mode"},"sceneLighting":false,"audioPlay":false,"sceneViewState":{"showFog":true,"showMaterialUpdate":false,"showSkybox":false,"showFlares":true,"showImageEffects":true,"showParticleSystems":true},"in2DMode":false,"pivot":{"x":3.1071794033050539,"y":4.551507949829102,"z":-7.730345249176025},"rotation":{"x":-0.10107298940420151,"y":-0.7268624901771545,"z":0.10929827392101288,"w":-0.6706152558326721},"size":1.5301358699798585,"orthographic":true}