{"cameraMode":{"drawMode":0,"name":"Shaded","section":"Shading Mode"},"sceneLighting":false,"audioPlay":false,"sceneViewState":{"showFog":true,"showMaterialUpdate":false,"showSkybox":false,"showFlares":true,"showImageEffects":true,"showParticleSystems":true},"in2DMode":false,"pivot":{"x":-0.19378982484340669,"y":1.8126076459884644,"z":-0.10342413187026978},"rotation":{"x":-0.004753475077450275,"y":-0.8548687696456909,"z":-0.007285633124411106,"w":0.5190959572792053},"size":2.1161863803863527,"orthographic":true}