{"cameraMode":{"drawMode":0,"name":"Shaded","section":"Shading Mode"},"sceneLighting":false,"audioPlay":false,"sceneViewState":{"showFog":true,"showMaterialUpdate":false,"showSkybox":false,"showFlares":true,"showImageEffects":true,"showParticleSystems":true},"in2DMode":false,"pivot":{"x":3.1506409645080568,"y":4.85134220123291,"z":-7.739986419677734},"rotation":{"x":-0.2066667526960373,"y":-0.744752824306488,"z":0.26704561710357668,"w":-0.5757880806922913},"size":2.250808000564575,"orthographic":true}