{"cameraMode":{"drawMode":0,"name":"Shaded","section":"Shading Mode"},"sceneLighting":false,"audioPlay":false,"sceneViewState":{"showFog":true,"showMaterialUpdate":false,"showSkybox":false,"showFlares":true,"showImageEffects":true,"showParticleSystems":true},"in2DMode":false,"pivot":{"x":-3.490000009536743,"y":0.47999998927116396,"z":-12.680000305175782},"rotation":{"x":-0.05212029069662094,"y":0.9461142420768738,"z":-0.2536471486091614,"w":-0.19490204751491548},"size":1.1198623180389405,"orthographic":true}