{"cameraMode":{"drawMode":0,"name":"Shaded","section":"Shading Mode"},"sceneLighting":false,"audioPlay":false,"sceneViewState":{"showFog":true,"showMaterialUpdate":false,"showSkybox":false,"showFlares":true,"showImageEffects":true,"showParticleSystems":true},"in2DMode":false,"pivot":{"x":3.7799999713897707,"y":0.44999998807907107,"z":-11.199999809265137},"rotation":{"x":-0.18759949505329133,"y":0.7212342023849487,"z":-0.21445608139038087,"w":-0.6315074563026428},"size":1.4693622589111329,"orthographic":true}