{"cameraMode":{"drawMode":0,"name":"Shaded","section":"Shading Mode"},"sceneLighting":false,"audioPlay":false,"sceneViewState":{"showFog":true,"showMaterialUpdate":false,"showSkybox":false,"showFlares":true,"showImageEffects":true,"showParticleSystems":true},"in2DMode":false,"pivot":{"x":0.0,"y":1.090000033378601,"z":-11.220000267028809},"rotation":{"x":0.12754933536052705,"y":-0.1605018973350525,"z":0.02097167633473873,"w":0.9786702990531921},"size":1.3315106630325318,"orthographic":true}