{"cameraMode":{"drawMode":0,"name":"Shaded","section":"Shading Mode"},"sceneLighting":false,"audioPlay":false,"sceneViewState":{"showFog":true,"showMaterialUpdate":false,"showSkybox":false,"showFlares":true,"showImageEffects":true,"showParticleSystems":true},"in2DMode":false,"pivot":{"x":2.202348470687866,"y":5.031678199768066,"z":-7.769007682800293},"rotation":{"x":-0.2670136094093323,"y":-0.6689999103546143,"z":0.2815001606941223,"w":-0.6341264843940735},"size":1.7558118104934693,"orthographic":true}