{"cameraMode":{"drawMode":0,"name":"Shaded","section":"Shading Mode"},"sceneLighting":false,"audioPlay":false,"sceneViewState":{"showFog":true,"showMaterialUpdate":false,"showSkybox":false,"showFlares":true,"showImageEffects":true,"showParticleSystems":true},"in2DMode":false,"pivot":{"x":2.6808156967163088,"y":5.01148796081543,"z":-7.733614921569824},"rotation":{"x":-0.03970266133546829,"y":-0.944554328918457,"z":0.1239481195807457,"w":-0.3018191456794739},"size":2.2265501022338869,"orthographic":true}