{"cameraMode":{"drawMode":0,"name":"Shaded","section":"Shading Mode"},"sceneLighting":false,"audioPlay":false,"sceneViewState":{"showFog":true,"showMaterialUpdate":false,"showSkybox":false,"showFlares":true,"showImageEffects":true,"showParticleSystems":true},"in2DMode":false,"pivot":{"x":0.0,"y":-0.00010052323341369629,"z":0.6620000004768372},"rotation":{"x":-0.15502668917179109,"y":0.7046105265617371,"z":-0.16171203553676606,"w":-0.6734853386878967},"size":1.0842655897140504,"orthographic":true}