{"cameraMode":{"drawMode":0,"name":"Shaded","section":"Shading Mode"},"sceneLighting":false,"audioPlay":false,"sceneViewState":{"showFog":true,"showMaterialUpdate":false,"showSkybox":false,"showFlares":true,"showImageEffects":true,"showParticleSystems":true},"in2DMode":false,"pivot":{"x":-9.704445838928223,"y":11.959243774414063,"z":0.3786449432373047},"rotation":{"x":-0.00024635199224576354,"y":-1.0001167058944703,"z":0.010810712352395058,"w":0.004223812837153673},"size":27.217317581176759,"orthographic":true}