{"cameraMode":{"drawMode":0,"name":"Shaded","section":"Shading Mode"},"sceneLighting":true,"audioPlay":false,"sceneViewState":{"showFog":true,"showMaterialUpdate":false,"showSkybox":true,"showFlares":true,"showImageEffects":true,"showParticleSystems":true},"in2DMode":false,"pivot":{"x":0.11432278156280518,"y":-10.415694236755371,"z":-0.29168787598609927},"rotation":{"x":0.04060043767094612,"y":0.18597331643104554,"z":-0.008111580274999142,"w":0.9818102717399597},"size":3.941528797149658,"orthographic":true}