{"cameraMode":{"drawMode":0,"name":"Shaded","section":"Shading Mode"},"sceneLighting":false,"audioPlay":false,"sceneViewState":{"showFog":true,"showMaterialUpdate":false,"showSkybox":false,"showFlares":true,"showImageEffects":true,"showParticleSystems":true},"in2DMode":false,"pivot":{"x":3.014636754989624,"y":4.6373796463012699,"z":-7.4631171226501469},"rotation":{"x":-0.1243487223982811,"y":-0.7395561337471008,"z":0.14205119013786317,"w":-0.6462439894676209},"size":2.1412572860717775,"orthographic":true}