{"cameraMode":{"drawMode":0,"name":"Shaded","section":"Shading Mode"},"sceneLighting":false,"audioPlay":false,"sceneViewState":{"showFog":true,"showMaterialUpdate":false,"showSkybox":false,"showFlares":true,"showImageEffects":true,"showParticleSystems":true},"in2DMode":false,"pivot":{"x":0.17339244484901429,"y":2.1034703254699709,"z":0.4155479073524475},"rotation":{"x":0.5218930840492249,"y":0.19423259794712068,"z":-0.12298361212015152,"w":0.8216527104377747},"size":2.0017359256744386,"orthographic":true}