{"cameraMode":{"drawMode":0,"name":"Shaded","section":"Shading Mode"},"sceneLighting":false,"audioPlay":false,"sceneViewState":{"showFog":true,"showMaterialUpdate":false,"showSkybox":false,"showFlares":true,"showImageEffects":true,"showParticleSystems":true},"in2DMode":false,"pivot":{"x":0.0,"y":1.090000033378601,"z":-11.220000267028809},"rotation":{"x":0.31263700127601626,"y":-0.1660899519920349,"z":0.05568046122789383,"w":0.933721661567688},"size":0.8372761011123657,"orthographic":true}