{"cameraMode":{"drawMode":0,"name":"Shaded","section":"Shading Mode"},"sceneLighting":false,"audioPlay":false,"sceneViewState":{"showFog":true,"showMaterialUpdate":false,"showSkybox":false,"showFlares":true,"showImageEffects":true,"showParticleSystems":true},"in2DMode":false,"pivot":{"x":0.06737223267555237,"y":4.715705394744873,"z":-10.747465133666993},"rotation":{"x":-0.0792488306760788,"y":0.8195213675498962,"z":-0.11680353432893753,"w":-0.5556025505065918},"size":1.3124771118164063,"orthographic":true}