{"cameraMode":{"drawMode":0,"name":"Shaded","section":"Shading Mode"},"sceneLighting":false,"audioPlay":false,"sceneViewState":{"showFog":true,"showMaterialUpdate":false,"showSkybox":false,"showFlares":true,"showImageEffects":true,"showParticleSystems":true},"in2DMode":false,"pivot":{"x":-3.490000009536743,"y":0.47999998927116396,"z":-12.680000305175782},"rotation":{"x":-0.33465224504470827,"y":0.5784895420074463,"z":-0.28129345178604128,"w":-0.6887693405151367},"size":1.1638338565826417,"orthographic":true}