{"cameraMode":{"drawMode":0,"name":"Shaded","section":"Shading Mode"},"sceneLighting":false,"audioPlay":false,"sceneViewState":{"showFog":true,"showMaterialUpdate":false,"showSkybox":false,"showFlares":true,"showImageEffects":true,"showParticleSystems":true},"in2DMode":false,"pivot":{"x":0.02386905625462532,"y":-0.6270995140075684,"z":0.22489231824874879},"rotation":{"x":0.06752802431583405,"y":0.7206398248672485,"z":-0.07138220220804215,"w":0.6864973902702332},"size":2.438620090484619,"orthographic":true}