{"cameraMode":{"drawMode":0,"name":"Shaded","section":"Shading Mode"},"sceneLighting":false,"audioPlay":false,"sceneViewState":{"showFog":true,"showMaterialUpdate":false,"showSkybox":false,"showFlares":true,"showImageEffects":true,"showParticleSystems":true},"in2DMode":false,"pivot":{"x":2.968477725982666,"y":4.770347595214844,"z":-7.516166687011719},"rotation":{"x":-0.08067376911640167,"y":-0.8953167200088501,"z":0.180403470993042,"w":-0.3994612991809845},"size":2.294060707092285,"orthographic":true}