{"cameraMode":{"drawMode":0,"name":"Shaded","section":"Shading Mode"},"sceneLighting":false,"audioPlay":false,"sceneViewState":{"showFog":true,"showMaterialUpdate":false,"showSkybox":false,"showFlares":true,"showImageEffects":true,"showParticleSystems":true},"in2DMode":false,"pivot":{"x":-0.04580259323120117,"y":-0.4761747121810913,"z":-1.1084836721420289},"rotation":{"x":0.3222045302391052,"y":0.659447968006134,"z":-0.3765157461166382,"w":0.5655094385147095},"size":1.9960933923721314,"orthographic":true}