{"cameraMode":{"drawMode":0,"name":"Shaded","section":"Shading Mode"},"sceneLighting":false,"audioPlay":false,"sceneViewState":{"showFog":true,"showMaterialUpdate":false,"showSkybox":false,"showFlares":true,"showImageEffects":true,"showParticleSystems":true},"in2DMode":false,"pivot":{"x":2.3392491340637209,"y":0.32021474838256838,"z":7.11797571182251},"rotation":{"x":0.21255610883235932,"y":-0.5564207434654236,"z":0.1499357670545578,"w":0.7893038392066956},"size":8.120640754699707,"orthographic":true}