{"cameraMode":{"drawMode":0,"name":"Shaded","section":"Shading Mode"},"sceneLighting":false,"audioPlay":false,"sceneViewState":{"showFog":true,"showMaterialUpdate":false,"showSkybox":false,"showFlares":true,"showImageEffects":true,"showParticleSystems":true},"in2DMode":false,"pivot":{"x":8.280055046081543,"y":8.953329086303711,"z":-36.11981201171875},"rotation":{"x":0.17375227808952332,"y":-0.5952114462852478,"z":0.1338645964860916,"w":0.7732242345809937},"size":0.8660253882408142,"orthographic":true}