{"cameraMode":{"drawMode":0,"name":"Shaded","section":"Shading Mode"},"sceneLighting":false,"audioPlay":false,"sceneViewState":{"showFog":true,"showMaterialUpdate":false,"showSkybox":false,"showFlares":true,"showImageEffects":true,"showParticleSystems":true},"in2DMode":false,"pivot":{"x":-3.490000009536743,"y":0.47999998927116396,"z":-12.680000305175782},"rotation":{"x":-0.2470007985830307,"y":0.633060097694397,"z":-0.22397886216640473,"w":-0.6987388134002686},"size":1.9363776445388795,"orthographic":true}