{"cameraMode":{"drawMode":0,"name":"Shaded","section":"Shading Mode"},"sceneLighting":false,"audioPlay":false,"sceneViewState":{"showFog":true,"showMaterialUpdate":false,"showSkybox":false,"showFlares":true,"showImageEffects":true,"showParticleSystems":true},"in2DMode":false,"pivot":{"x":-0.0016611721366643906,"y":1.7241179943084717,"z":-0.18232473731040955},"rotation":{"x":-0.0002058312966255471,"y":-0.9451092481613159,"z":0.0005715865991078317,"w":-0.32717201113700869},"size":2.9338481426239015,"orthographic":true}