{"cameraMode":{"drawMode":0,"name":"Shaded","section":"Shading Mode"},"sceneLighting":false,"audioPlay":false,"sceneViewState":{"showFog":true,"showMaterialUpdate":false,"showSkybox":false,"showFlares":true,"showImageEffects":true,"showParticleSystems":true},"in2DMode":false,"pivot":{"x":-0.46613240242004397,"y":1.0666640996932984,"z":-0.22273170948028565},"rotation":{"x":-0.00003781627310672775,"y":0.6129658222198486,"z":-0.0004521519294939935,"w":-0.7903274297714233},"size":1.594807505607605,"orthographic":true}