{"cameraMode":{"drawMode":0,"name":"Shaded","section":"Shading Mode"},"sceneLighting":false,"audioPlay":false,"sceneViewState":{"showFog":true,"showMaterialUpdate":false,"showSkybox":false,"showFlares":true,"showImageEffects":true,"showParticleSystems":true},"in2DMode":false,"pivot":{"x":3.0615758895874025,"y":4.695302486419678,"z":-7.599059104919434},"rotation":{"x":-0.15755034983158112,"y":-0.796144962310791,"z":0.2339554876089096,"w":-0.5355473160743713},"size":1.3199838399887086,"orthographic":true}